<?xml version="1.0" encoding="UTF-8"?>
<library xmlns="http://www.netbeans.org/ns/library-declaration/2" version="2.0">
    <name>restlib_gfv3ee6</name>
    <type>j2se</type>
    <volume>
        <type>classpath</type>
        <resource>jar:file:/C:/Program%20Files/glassfish-3.1.2/glassfish/modules/jackson-core-asl.jar!/</resource>
        <resource>jar:file:/C:/Program%20Files/glassfish-3.1.2/glassfish/modules/jackson-jaxrs.jar!/</resource>
        <resource>jar:file:/C:/Program%20Files/glassfish-3.1.2/glassfish/modules/jackson-mapper-asl.jar!/</resource>
        <resource>jar:file:/C:/Program%20Files/glassfish-3.1.2/glassfish/modules/jersey-client.jar!/</resource>
        <resource>jar:file:/C:/Program%20Files/glassfish-3.1.2/glassfish/modules/jersey-core.jar!/</resource>
        <resource>jar:file:/C:/Program%20Files/glassfish-3.1.2/glassfish/modules/jersey-gf-server.jar!/</resource>
        <resource>jar:file:/C:/Program%20Files/glassfish-3.1.2/glassfish/modules/jersey-json.jar!/</resource>
        <resource>jar:file:/C:/Program%20Files/glassfish-3.1.2/glassfish/modules/jersey-multipart.jar!/</resource>
        <resource>jar:file:/C:/Program%20Files/glassfish-3.1.2/glassfish/modules/jettison.jar!/</resource>
        <resource>jar:file:/C:/Program%20Files/glassfish-3.1.2/glassfish/modules/mimepull.jar!/</resource>
    </volume>
    <volume>
        <type>src</type>
    </volume>
    <volume>
        <type>javadoc</type>
        <resource>jar:file:/C:/Program%20Files/NetBeans%207.1.2/enterprise/docs/jsr311-api-1.1.1-javadoc.zip!/</resource>
    </volume>
    <volume>
        <type>maven-pom</type>
    </volume>
</library>
