<?xml version="1.0" encoding="UTF-8" ?>
<!DOCTYPE tiles-definitions PUBLIC
	       "-//Apache Software Foundation//DTD Tiles Configuration 2.0//EN"
	       "http://tiles.apache.org/dtds/tiles-config_2_0.dtd">
<tiles-definitions>
    <definition name="Home" template="/templates/Template.jsp">
        <put-attribute name="title" value="Trang chủ" />
        <put-attribute name="header" value="/pages/Header.jsp" />
        <put-attribute name="menuBar" value="/pages/MenuBar.jsp" />
        <put-attribute name="leftBar" value="/pages/LeftBar.jsp" />
        <put-attribute name="mainContent" value="/pages/HomeContent.jsp" />
        <put-attribute name="footer" value="/pages/Footer.jsp" />
    </definition>
    <definition name="Login" extends="Home">
        <put-attribute name="title" value="Trang đăng nhập" />
        <put-attribute name="mainContent" value="/pages/LoginContent.jsp"/>    
    </definition>
    <definition name="BookList" extends="Home">
        <put-attribute name="title" value="Trang danh sách sách" />
        <put-attribute name="mainContent" value="/pages/BookListContent.jsp"/>    
    </definition>
</tiles-definitions>
